customer_id,name,email,phone,region,total_sales
973a83e2,Sara Gonzalez,david96@ferguson.com,001-285-781-6911,Florida,649.7
a483aa0f,John Ramirez,gallaghersamantha@hotmail.com,001-080-211-8665,New York,685.1
408ea9a8,Susan Brown,milesvincent@hotmail.com,237-049-8394x9785,New York,475.36
71ac6159,Richard Diaz,dstewart@yahoo.com,001-265-970-4584x69914,Texas,543.13
4a0565bf,Amy Williams,seanholmes@guerra-goodman.com,+1-076-883-5418,New York,822.5
4d8ae38e,Keith Campos,william33@moreno-anthony.com,744-739-3099,Washington,111.18
92de11d7,Lindsay Black,gina95@hotmail.com,085.525.8002,Washington,131.64
35f8956e,Amy Walker,hwarner@ross-wiley.net,9165600977,Florida,752.2
b56b708f,Scott Reid,richard84@roberts.com,6283193403,Washington,608.54
d45588b4,Valerie Howell,tamara30@rodriguez-matthews.com,+1-214-333-4354x89434,California,198.03
bebdb595,Lynn Hall,christopher60@jones-daniels.com,+1-884-970-7145x268,New York,330.82
ea75b93a,Timothy Watson,haynesbrian@smith.com,(110)528-4733x4961,New York,677.79
a04de986,David Valencia,joshualester@gonzalez-patterson.org,820-351-2832,Texas,399.37
e1ea864a,Ryan Arnold,drew24@campbell.com,001-716-753-8019x0531,New York,919.24
e39ce5be,James Thompson,vasquezbrian@gmail.com,608-277-5554x37159,California,480.72
61d7232b,Jackson Garcia DDS,matthew30@curry-roberts.org,(890)358-9612x67786,California,252.93
79da4056,Ryan Rivera,dorseyjason@hotmail.com,360.073.0443,New York,966.92
b3520356,Mrs. Laurie Davis,perezandre@jones.com,004.879.7278,Florida,523.25
cffcfb7c,Eric Harvey,sosajessica@hotmail.com,358-182-8849x8770,Florida,834.47
37f7acdb,Jeffrey Gallagher,lopezsamantha@cochran.info,(338)991-1126x56250,Washington,111.04
b0bd6dde,Ronald Young,stonemichael@gmail.com,536.168.8746x31537,New York,463.84
8c634eba,Robert Boyle,rhonda14@gmail.com,017.217.4912x04639,Florida,594.82
fa667398,Douglas Johnson,osbornejoseph@gmail.com,(441)640-9897,Texas,172.4
1d0b97b5,Brian Stanton,dustin36@gmail.com,8726101532,Washington,75.54
5cb3d061,Adam Manning,peter68@wilkerson.info,7093432340,California,873.27
b75cecf5,Michael Henry Jr.,scottjennifer@collins.info,+1-650-719-1918x090,Florida,645.67
b559b2a3,James Williams,christopher81@yahoo.com,(976)633-5246,New York,51.75
650d02ae,Brent Horne,yschmidt@yahoo.com,115.090.4997x8736,New York,151.24
26731bce,Randall Baldwin,zlambert@kemp.info,737-492-1913,California,193.52
8faffbf8,Joseph Hodges,vfischer@gmail.com,001-545-317-4156x48472,New York,346.41
ccf5a03c,David Morgan,qwalker@young.info,152-501-8692x928,California,218.73
1b7437a7,Nathan Jefferson,khancock@lewis-solis.com,001-961-703-5350,Florida,831.61
c79caa8a,Sara Clark,melaniebird@hodge.com,(161)860-1335x72296,Texas,420.1
e3a746e8,Sean Munoz,ehoward@yahoo.com,(902)157-1222,California,376.64
11a87965,Alyssa Marshall,vwalton@gmail.com,001-066-052-1655,California,199.39
635cf3fb,George Fuller,carrie19@yahoo.com,041.415.1460x051,Texas,196.94
c7957c15,James Hughes,thompsonjennifer@yahoo.com,(339)960-5269,Texas,360.9
669b2cdb,Amber Pope,masoneric@hotmail.com,1772488694,New York,286.83
aac76ad6,Holly Walker,daniel47@wright.com,(243)873-9796,California,455.3
b99cf2c9,Angie Owen,omurray@stewart.info,853-064-9849,Washington,290.45
1a39128b,Diane Hill,alyssa51@jones.info,872.929.7157x05131,California,466.17
3baa66df,Mary Willis,irobinson@hotmail.com,001-149-288-8157x96975,Washington,957.13
68cbf4b4,Billy Blevins,davisjesse@gmail.com,001-477-248-9868x364,California,775.45
e2e469da,Matthew Barnes,johnsonandrea@yahoo.com,(153)647-3871x54957,Texas,58.1
4de0f8f9,Brian Richmond,parkstephanie@gmail.com,011.058.1776x7292,Texas,667.39
45cfa23c,Norman Thompson,willisdawn@hotmail.com,297.092.5585x307,California,761.48
ffb3817c,Rebecca Freeman,natashablake@gardner.com,(872)219-2600x56392,California,790.71
f2c10a9f,Lauren Mills,wlawrence@macias-hicks.biz,(442)296-3929x23131,Florida,891.26
578537bd,Kimberly Nelson,joanna69@hall.com,(740)501-5669,California,975.52
c633a1cc,Vanessa Ryan,stephanie77@gmail.com,001-175-155-9919x1859,Texas,981.97
a2e9dd50,Cynthia Anderson,zbriggs@hotmail.com,656.136.2165,Texas,866.14
0a7a77dc,Aaron Wiley,cameron15@hotmail.com,001-677-340-8275x95438,Texas,601.17
291e6310,Veronica Oconnor,rodriguezjacob@bright.com,(554)421-2513,California,588.66
3129b4de,Frances Thompson,tonya86@yahoo.com,622.048.3878,Texas,372.61
aab44229,Jessica Hill,sullivandenise@yahoo.com,+1-329-127-1568x550,Florida,407.42
b5bbd72e,Kevin Greer,shermanbrett@gmail.com,306.993.5093x116,California,281.22
fd1a1b45,Daniel Perry PhD,gonzalezalexandra@gmail.com,+1-995-662-6020x419,Texas,775.88
7d48b6a4,Bradley Johnson,corey58@aguilar-bailey.com,426-569-6185x3173,New York,842.86
13354f16,Ryan Juarez PhD,hsimpson@hotmail.com,710-002-4867x101,Texas,704.9
8813fb05,Mrs. Katherine Brewer,tiffany34@gray-allen.biz,843-531-5516x373,New York,885.21
2ae19744,Robin Collins,faulknersherry@gmail.com,247-901-3467x23511,California,496.51
aea0a53f,Daryl Powell,jessicaellis@gmail.com,616.092.1071x788,Florida,679.14
85e4e434,Geoffrey Perez,robert25@mckinney-fisher.com,715-774-2846x7475,New York,871.42
8579fbe8,Jared Martinez,ggrant@hotmail.com,098-008-5643,New York,234.55
e346afd9,Robert Brown MD,zcarroll@blake-ochoa.com,(943)425-8827x3212,California,399.25
1247ae71,Dawn Barnes,brian96@meyers.com,872-121-0968,California,131.58
a6c16378,Leslie Howard,preeves@gmail.com,750.556.4818,New York,905.71
39e21409,Adam Ayala,jared00@gmail.com,001-754-123-0855x941,Washington,106.86
72b773b7,Christina Williams,lewisvalerie@schneider-fuller.org,001-279-962-2472,Washington,179.96
fe84b900,Alicia Francis,hfisher@jones-vega.org,001-876-126-8343x22782,Washington,324.9
31934fae,April Mcdonald,marissawright@yahoo.com,001-339-035-7623x11915,California,948.28
743e6a99,Barbara Jones,jacksonbrian@hotmail.com,287-107-2694x345,New York,834.98
46309ca4,Chelsea Luna,dmarshall@yahoo.com,665-454-9165x566,New York,683.6
e9a2a6dc,Bruce Palmer,daniel00@williams.com,001-352-498-8139x832,Texas,527.02
02cd78be,Diane Taylor,denise39@hotmail.com,803-043-6313x69619,Florida,624.24
722fc8d1,Raymond Carey,mperez@johnson-carter.com,662.257.3872x9284,New York,204.15
cfa1c9d8,Nicole Lee,michael92@bell.biz,9522366566,Texas,558.73
ea9cd365,Nicholas Alexander,bakerjerry@hotmail.com,598.851.4880,Texas,684.24
67289d8a,Andrea Fox,meghanhayden@yahoo.com,+1-479-714-4077,New York,829.15
ad0bda5e,Nicole Sullivan,vtownsend@gmail.com,383.847.5966x61742,Florida,633.16
78973fc2,Timothy Flores,adamskayla@hotmail.com,942.276.0549x71765,Washington,260.16
7842d289,Lisa Taylor,aclements@sanchez-graves.org,(607)255-1578x720,California,95.95
5a1c4e1c,Jonathan Mercer,kelly68@stewart-walker.com,001-757-928-6161x3094,Washington,344.96
f6e63b8d,Wendy Lewis,ashlee85@gmail.com,(990)286-2373x905,Texas,582.48
71934d79,Vicki Daniels,hilljames@morgan-walters.org,+1-806-719-5091,Washington,475.6
e0afcdaa,Hector George,wgeorge@yahoo.com,6514886300,Texas,105.34
fb56794b,Barbara Pratt DDS,anne47@hotmail.com,001-020-996-9752x331,Florida,900.5
c13d847a,Melissa Melendez,waynehall@walsh-alexander.com,778-896-1523x28427,Florida,682.23
65998216,Allison Williams DVM,ashley70@thompson.biz,(521)676-0735x0382,California,784.72
0015ae3a,Gary Cisneros,pconner@yahoo.com,(842)761-5969x2003,Florida,947.56
4bda76fb,David Greene,brianna62@roy.biz,+1-119-469-3703x9792,Florida,116.19
6f94f755,Heidi Lara,garciajasmine@gonzalez.net,(294)151-3944,California,586.76
77ca0b2d,Michael Bird,karen73@armstrong.com,320-552-0361,Texas,501.16
081316b1,Kayla Reynolds,jesus30@mcclure-powell.biz,375-194-4423,California,920.59
2d5eee23,Anthony Fox DDS,matthew30@moore.com,(454)482-2823,New York,395.5
ae543c0b,Christopher Underwood,xhill@barnett.com,001-701-100-4534x39039,Washington,218.21
17a886e8,Dillon Callahan DDS,farrelljason@yahoo.com,+1-507-993-1365x9837,Washington,203.75
9bf746aa,Adam Moore,ethan03@glover.com,316-922-3407x90908,Washington,696.05
194e97e9,Lisa Gonzalez,brad48@richards-bowers.net,095-048-1990x92546,Florida,54.8
01c8a2fc,Elizabeth Hammond,devon11@lee.biz,+1-773-701-1999x593,Texas,929.47
